[{"DocumentTypeId":"RayaHolding.OnboardDocuments.ApprovalRequest","Keywords":[{"Values":["request","id","name","position"],"NumberOfTimesConfirmed":1,"LastUpdated":"2024-08-20T13:09:55.6279896+03:00"},{"Values":["direct","manager","department"],"NumberOfTimesConfirmed":1,"LastUpdated":"2024-08-20T13:09:55.628003+03:00"}]},{"DocumentTypeId":"RayaHolding.OnboardDocuments.Contract","Keywords":[{"Values":["employment","contract","عقد","عمل"],"NumberOfTimesConfirmed":1,"LastUpdated":"2024-09-03T19:19:47.8754189+03:00"},{"Values":["herein","after","referred","to","as","the","(first","party-employercompany)"],"NumberOfTimesConfirmed":1,"LastUpdated":"2024-09-03T19:19:47.8754232+03:00"},{"Values":["ويشار","إليها","فيما","بعد","بالطرف","األول-صاحب","العمل-الشركة"],"NumberOfTimesConfirmed":1,"LastUpdated":"2024-09-03T19:19:47.8754242+03:00"},{"Values":["article","1","(the","preamble’s","position)"],"NumberOfTimesConfirmed":1,"LastUpdated":"2024-09-03T19:19:47.875425+03:00"},{"Values":["article","2","(subject","of","the","contract)"],"NumberOfTimesConfirmed":1,"LastUpdated":"2024-09-03T19:19:47.8754263+03:00"},{"Values":["article","3","(the","contract","term)"],"NumberOfTimesConfirmed":1,"LastUpdated":"2024-09-03T19:19:47.8754271+03:00"},{"Values":["حيث","ان","الشركة","الطرف","الاول"],"NumberOfTimesConfirmed":1,"LastUpdated":"2024-09-03T20:22:48.6643429+03:00"},{"Values":["ولما","كانت","هذه","الرغبة","قد","القت","قبول","الطرف","الثاني"],"NumberOfTimesConfirmed":1,"LastUpdated":"2024-09-03T20:22:48.6643472+03:00"}]},{"DocumentTypeId":"RayaHolding.OnboardDocuments.CriminalRecord","Keywords":[{"Values":["criminal","record"],"NumberOfTimesConfirmed":1,"LastUpdated":"2024-08-08T19:12:49.9431778+03:00"},{"Values":["transaction","no"],"NumberOfTimesConfirmed":1,"LastUpdated":"2024-08-08T19:12:49.9431786+03:00"},{"Values":["date","of","issue"],"NumberOfTimesConfirmed":1,"LastUpdated":"2024-08-08T19:12:49.9431794+03:00"},{"Values":["personal","data"],"NumberOfTimesConfirmed":1,"LastUpdated":"2024-08-08T19:12:49.94318+03:00"},{"Values":["left","hand","fingers"],"NumberOfTimesConfirmed":1,"LastUpdated":"2024-08-08T19:12:49.9431807+03:00"},{"Values":["right","hand","fingers"],"NumberOfTimesConfirmed":1,"LastUpdated":"2024-08-08T19:12:49.9431815+03:00"},{"Values":["ministry","interior"],"NumberOfTimesConfirmed":2,"LastUpdated":"2024-08-09T15:28:07.050956+03:00"}]},{"DocumentTypeId":"RayaHolding.OnboardDocuments.EgyptianNationalIDBack","Keywords":[{"Values":["البطاقة","سرية","حتى"],"NumberOfTimesConfirmed":1,"LastUpdated":"2024-08-12T14:21:38.2059249+03:00"},{"Values":["البطاقه","ساري"],"NumberOfTimesConfirmed":1,"LastUpdated":"2024-08-12T14:21:38.2059316+03:00"},{"Values":["سارية"],"NumberOfTimesConfirmed":1,"LastUpdated":"2024-08-12T14:21:38.2059325+03:00"},{"Values":["متزوج","متزوجة","مطلق","مطلقة","اعزب","ارمل","ارملة","عزباء","ذكر","انثى","مسلم","مسيحي","يهودي","ربه","منزل","مهندس","دكتور","حاصل","على","بكالوريوس"],"NumberOfTimesConfirmed":1,"LastUpdated":"2024-08-12T14:21:38.2059352+03:00"},{"Values":["متزوج"],"NumberOfTimesConfirmed":1,"LastUpdated":"2024-08-14T17:11:34.7499689+03:00"},{"Values":["متزوجة"],"NumberOfTimesConfirmed":1,"LastUpdated":"2024-08-14T17:11:34.7499699+03:00"},{"Values":["مطلق"],"NumberOfTimesConfirmed":1,"LastUpdated":"2024-08-14T17:11:34.7499713+03:00"},{"Values":["مطلقة"],"NumberOfTimesConfirmed":1,"LastUpdated":"2024-08-14T17:11:34.7499722+03:00"},{"Values":["اعزب"],"NumberOfTimesConfirmed":1,"LastUpdated":"2024-08-14T17:11:34.749973+03:00"},{"Values":["عزباء"],"NumberOfTimesConfirmed":1,"LastUpdated":"2024-08-14T17:11:34.7564072+03:00"},{"Values":["ارمل"],"NumberOfTimesConfirmed":1,"LastUpdated":"2024-08-14T17:11:34.7564141+03:00"},{"Values":["انثى"],"NumberOfTimesConfirmed":1,"LastUpdated":"2024-08-14T17:11:34.7564155+03:00"},{"Values":["مسلم"],"NumberOfTimesConfirmed":1,"LastUpdated":"2024-08-14T17:11:34.7564168+03:00"},{"Values":["مسيحي"],"NumberOfTimesConfirmed":1,"LastUpdated":"2024-08-14T17:11:34.7564173+03:00"},{"Values":["أنسة","أنثى مسلمة","البطاقة سارية حتى"],"NumberOfTimesConfirmed":1,"LastUpdated":"2024-08-14T18:46:04.8660397+03:00"},{"Values":["أنثى"],"NumberOfTimesConfirmed":9,"LastUpdated":"2024-08-14T19:33:17.4557341+03:00"},{"Values":["ذكر"],"NumberOfTimesConfirmed":4,"LastUpdated":"2024-08-15T15:36:53.442865+03:00"}]},{"DocumentTypeId":"RayaHolding.OnboardDocuments.EgyptianNationalID","Keywords":[{"Values":["بطاقة","تحقيق","الشخصية"],"NumberOfTimesConfirmed":1,"LastUpdated":"2024-08-08T19:09:04.9633334+03:00"},{"Values":["الشخصي"],"NumberOfTimesConfirmed":1,"LastUpdated":"2024-08-08T19:09:04.963466+03:00"},{"Values":["الشخصية"],"NumberOfTimesConfirmed":1,"LastUpdated":"2024-08-08T19:09:04.9634666+03:00"},{"Values":["شخصيه"],"NumberOfTimesConfirmed":1,"LastUpdated":"2024-08-08T19:09:04.9634673+03:00"},{"Values":["جمهورية","مصر","العربية","جمهوريه","جمهور","العربي","العربيه"],"NumberOfTimesConfirmed":1,"LastUpdated":"2024-08-08T19:09:04.9634683+03:00"},{"Values":["بطاقة"],"NumberOfTimesConfirmed":8,"LastUpdated":"2024-08-10T15:11:11.7007044+03:00"}]},{"DocumentTypeId":"RayaHolding.OnboardDocuments.WorkStub","Keywords":[{"Values":["شهادة","القيد","حملة","مؤهلات"],"NumberOfTimesConfirmed":1,"LastUpdated":"2024-08-15T15:11:38.2326942+03:00"},{"Values":["المديرية"],"NumberOfTimesConfirmed":1,"LastUpdated":"2024-08-15T15:11:38.2326997+03:00"},{"Values":["المنطقة","المكتب"],"NumberOfTimesConfirmed":1,"LastUpdated":"2024-08-15T15:11:38.2327008+03:00"},{"Values":["المنطقة"],"NumberOfTimesConfirmed":1,"LastUpdated":"2024-08-15T15:11:38.2327018+03:00"},{"Values":["رقم","التأميني"],"NumberOfTimesConfirmed":1,"LastUpdated":"2024-08-15T15:11:38.2327026+03:00"},{"Values":["الخبرة"],"NumberOfTimesConfirmed":1,"LastUpdated":"2024-08-15T15:11:38.2327035+03:00"},{"Values":["موبايل"],"NumberOfTimesConfirmed":1,"LastUpdated":"2024-08-15T15:11:38.2327042+03:00"}]}]
