﻿{
  "DataContractVersion": "1.1",
  "DocumentTypes": [
    {
      "Connections": [],
      "DocumentTypeId": "RayaHolding.OnboardDocuments.EgyptianNationalID",
      "Group": "Raya Holding",
      "Category": "Onboard Documents",
      "Name": "Egyptian National ID Front",
      "OptionalUniqueIdentifier": "",
      "TypeField": {
        "FieldId": "RayaHolding.OnboardDocuments.EgyptianNationalID.DocumentType",
        "FieldName": "Document Type"
      },
      "Fields": [
        {
          "FieldId": "RayaHolding.OnboardDocuments.EgyptianNationalID.FirstName",
          "FieldName": "First Name",
          "IsMultiValue": false,
          "Type": "Name",
          "DeriveFieldsFormat": "",
          "Components": [],
          "SetValues": [],
          "Metadata": [
            {
              "Key": "Color",
              "Value": "#6eb84a"
            },
            {
              "Key": "Hotkey",
              "Value": "r"
            }
          ],
          "RuleSet": null,
          "DefaultValue": "",
          "DataSource": null
        },
        {
          "FieldId": "RayaHolding.OnboardDocuments.EgyptianNationalID.SecondName",
          "FieldName": "Second Name",
          "IsMultiValue": false,
          "Type": "Name",
          "DeriveFieldsFormat": "",
          "Components": [],
          "SetValues": [],
          "Metadata": [
            {
              "Key": "Color",
              "Value": "#661595"
            },
            {
              "Key": "Hotkey",
              "Value": "e"
            }
          ],
          "RuleSet": null,
          "DefaultValue": "",
          "DataSource": null
        },
        {
          "FieldId": "RayaHolding.OnboardDocuments.EgyptianNationalID.IDNumber",
          "FieldName": "ID Number",
          "IsMultiValue": true,
          "Type": "Number",
          "DeriveFieldsFormat": "",
          "Components": [],
          "SetValues": [],
          "Metadata": [
            {
              "Key": "Color",
              "Value": "#f927ca"
            },
            {
              "Key": "Hotkey",
              "Value": "m"
            }
          ],
          "RuleSet": null,
          "DefaultValue": "",
          "DataSource": null
        },
        {
          "FieldId": "RayaHolding.OnboardDocuments.EgyptianNationalID.FirstAddress",
          "FieldName": "First Address",
          "IsMultiValue": false,
          "Type": "Address",
          "DeriveFieldsFormat": "",
          "Components": [],
          "SetValues": [],
          "Metadata": [
            {
              "Key": "Color",
              "Value": "#e75f98"
            },
            {
              "Key": "Hotkey",
              "Value": "a"
            }
          ],
          "RuleSet": null,
          "DefaultValue": "",
          "DataSource": null
        },
        {
          "FieldId": "RayaHolding.OnboardDocuments.EgyptianNationalID.SecondAddress",
          "FieldName": "Second Address",
          "IsMultiValue": false,
          "Type": "Address",
          "DeriveFieldsFormat": "",
          "Components": [],
          "SetValues": [],
          "Metadata": [
            {
              "Key": "Color",
              "Value": "#941c55"
            },
            {
              "Key": "Hotkey",
              "Value": "c"
            }
          ],
          "RuleSet": null,
          "DefaultValue": "",
          "DataSource": null
        },
        {
          "FieldId": "RayaHolding.OnboardDocuments.EgyptianNationalID.ManufacturerNumber",
          "FieldName": "Manufacturer Number",
          "IsMultiValue": false,
          "Type": "Text",
          "DeriveFieldsFormat": "",
          "Components": [],
          "SetValues": [],
          "Metadata": [
            {
              "Key": "Color",
              "Value": "#a53dd2"
            },
            {
              "Key": "Hotkey",
              "Value": "q"
            }
          ],
          "RuleSet": null,
          "DefaultValue": "",
          "DataSource": null
        }
      ]
    },
    {
      "Connections": [],
      "DocumentTypeId": "RayaHolding.OnboardDocuments.CriminalRecord",
      "Group": "Raya Holding",
      "Category": "Onboard Documents",
      "Name": "Criminal Record",
      "OptionalUniqueIdentifier": "",
      "TypeField": {
        "FieldId": "RayaHolding.OnboardDocuments.CriminalRecord.DocumentType",
        "FieldName": "Document Type"
      },
      "Fields": [
        {
          "FieldId": "RayaHolding.OnboardDocuments.CriminalRecord.ResultofInspection",
          "FieldName": "Result of Inspection",
          "IsMultiValue": false,
          "Type": "Text",
          "DeriveFieldsFormat": "",
          "Components": [],
          "SetValues": [],
          "Metadata": [
            {
              "Key": "Color",
              "Value": "#038a18"
            },
            {
              "Key": "Hotkey",
              "Value": "r"
            }
          ],
          "RuleSet": null,
          "DefaultValue": "",
          "DataSource": null
        }
      ]
    },
    {
      "Connections": [],
      "DocumentTypeId": "RayaHolding.OnboardDocuments.EgyptianNationalIDBack",
      "Group": "Raya Holding",
      "Category": "Onboard Documents",
      "Name": "Egyptian National ID Back",
      "OptionalUniqueIdentifier": "",
      "TypeField": {
        "FieldId": "RayaHolding.OnboardDocuments.EgyptianNationalIDBack.DocumentType",
        "FieldName": "Document Type"
      },
      "Fields": [
        {
          "FieldId": "RayaHolding.OnboardDocuments.EgyptianNationalIDBack.ExpireDate",
          "FieldName": "Expire Date",
          "IsMultiValue": false,
          "Type": "Date",
          "DeriveFieldsFormat": "",
          "Components": [],
          "SetValues": [],
          "Metadata": [
            {
              "Key": "Color",
              "Value": "#fa6616"
            },
            {
              "Key": "Hotkey",
              "Value": "x"
            }
          ],
          "RuleSet": null,
          "DefaultValue": "",
          "DataSource": null
        },
        {
          "FieldId": "RayaHolding.OnboardDocuments.EgyptianNationalIDBack.Job",
          "FieldName": "Job",
          "IsMultiValue": false,
          "Type": "Text",
          "DeriveFieldsFormat": "",
          "Components": [],
          "SetValues": [],
          "Metadata": [
            {
              "Key": "Color",
              "Value": "#8a97a0"
            },
            {
              "Key": "Hotkey",
              "Value": "j"
            }
          ],
          "RuleSet": null,
          "DefaultValue": "",
          "DataSource": null
        },
        {
          "FieldId": "RayaHolding.OnboardDocuments.EgyptianNationalIDBack.Religion",
          "FieldName": "Religion",
          "IsMultiValue": false,
          "Type": "Text",
          "DeriveFieldsFormat": "",
          "Components": [],
          "SetValues": [],
          "Metadata": [
            {
              "Key": "Color",
              "Value": "#6eb84a"
            },
            {
              "Key": "Hotkey",
              "Value": "r"
            }
          ],
          "RuleSet": null,
          "DefaultValue": "",
          "DataSource": null
        },
        {
          "FieldId": "RayaHolding.OnboardDocuments.EgyptianNationalIDBack.Social",
          "FieldName": "Social",
          "IsMultiValue": false,
          "Type": "Text",
          "DeriveFieldsFormat": "",
          "Components": [],
          "SetValues": [],
          "Metadata": [
            {
              "Key": "Color",
              "Value": "#2235ff"
            },
            {
              "Key": "Hotkey",
              "Value": "c"
            }
          ],
          "RuleSet": null,
          "DefaultValue": "",
          "DataSource": null
        },
        {
          "FieldId": "RayaHolding.OnboardDocuments.EgyptianNationalIDBack.Gender",
          "FieldName": "Gender",
          "IsMultiValue": false,
          "Type": "Text",
          "DeriveFieldsFormat": "",
          "Components": [],
          "SetValues": [],
          "Metadata": [
            {
              "Key": "Color",
              "Value": "#8a97a0"
            },
            {
              "Key": "Hotkey",
              "Value": "g"
            }
          ],
          "RuleSet": null,
          "DefaultValue": "",
          "DataSource": null
        }
      ]
    },
    {
      "Connections": [],
      "DocumentTypeId": "RayaHolding.OnboardDocuments.WorkStub",
      "Group": "Raya Holding",
      "Category": "Onboard Documents",
      "Name": "Work Stub",
      "OptionalUniqueIdentifier": "",
      "TypeField": {
        "FieldId": "RayaHolding.OnboardDocuments.WorkStub.DocumentType",
        "FieldName": "Document Type"
      },
      "Fields": [
        {
          "FieldId": "RayaHolding.OnboardDocuments.WorkStub.WorkStubNumber",
          "FieldName": "Work Stub Number",
          "IsMultiValue": false,
          "Type": "Text",
          "DeriveFieldsFormat": "",
          "Components": [],
          "SetValues": [],
          "Metadata": [
            {
              "Key": "Color",
              "Value": "#038a18"
            },
            {
              "Key": "Hotkey",
              "Value": "w"
            }
          ],
          "RuleSet": null,
          "DefaultValue": "",
          "DataSource": null
        },
        {
          "FieldId": "RayaHolding.OnboardDocuments.WorkStub.RegistrationDate",
          "FieldName": "Registration Date\t",
          "IsMultiValue": false,
          "Type": "Date",
          "DeriveFieldsFormat": "",
          "Components": [],
          "SetValues": [],
          "Metadata": [
            {
              "Key": "Color",
              "Value": "#fa6616"
            },
            {
              "Key": "Hotkey",
              "Value": "r"
            }
          ],
          "RuleSet": null,
          "DefaultValue": "",
          "DataSource": null
        },
        {
          "FieldId": "RayaHolding.OnboardDocuments.WorkStub.ExpiryDate",
          "FieldName": "Expiry Date",
          "IsMultiValue": false,
          "Type": "Date",
          "DeriveFieldsFormat": "",
          "Components": [],
          "SetValues": [],
          "Metadata": [
            {
              "Key": "Color",
              "Value": "#8a97a0"
            },
            {
              "Key": "Hotkey",
              "Value": "e"
            }
          ],
          "RuleSet": null,
          "DefaultValue": "",
          "DataSource": null
        },
        {
          "FieldId": "RayaHolding.OnboardDocuments.WorkStub.Phone",
          "FieldName": "Phone",
          "IsMultiValue": false,
          "Type": "Text",
          "DeriveFieldsFormat": "",
          "Components": [],
          "SetValues": [],
          "Metadata": [
            {
              "Key": "Color",
              "Value": "#6eb84a"
            },
            {
              "Key": "Hotkey",
              "Value": "h"
            }
          ],
          "RuleSet": null,
          "DefaultValue": "",
          "DataSource": null
        },
        {
          "FieldId": "RayaHolding.OnboardDocuments.WorkStub.Job",
          "FieldName": "Job",
          "IsMultiValue": false,
          "Type": "Text",
          "DeriveFieldsFormat": "",
          "Components": [],
          "SetValues": [],
          "Metadata": [
            {
              "Key": "Color",
              "Value": "#d2d550"
            },
            {
              "Key": "Hotkey",
              "Value": "j"
            }
          ],
          "RuleSet": null,
          "DefaultValue": "",
          "DataSource": null
        },
        {
          "FieldId": "RayaHolding.OnboardDocuments.WorkStub.AcademicQualification",
          "FieldName": "Academic Qualification",
          "IsMultiValue": false,
          "Type": "Text",
          "DeriveFieldsFormat": "",
          "Components": [],
          "SetValues": [],
          "Metadata": [
            {
              "Key": "Color",
              "Value": "#bcba96"
            },
            {
              "Key": "Hotkey",
              "Value": "a"
            }
          ],
          "RuleSet": null,
          "DefaultValue": "",
          "DataSource": null
        }
      ]
    },
    {
      "Connections": [],
      "DocumentTypeId": "RayaHolding.OnboardDocuments.ApprovalRequest",
      "Group": "Raya Holding",
      "Category": "Onboard Documents",
      "Name": "Approval Request",
      "OptionalUniqueIdentifier": "",
      "TypeField": {
        "FieldId": "RayaHolding.OnboardDocuments.ApprovalRequest.DocumentType",
        "FieldName": "Document Type"
      },
      "Fields": [
        {
          "FieldId": "RayaHolding.OnboardDocuments.ApprovalRequest.RequestID",
          "FieldName": "Request ID",
          "IsMultiValue": false,
          "Type": "Number",
          "DeriveFieldsFormat": "",
          "Components": [],
          "SetValues": [],
          "Metadata": [
            {
              "Key": "Color",
              "Value": "#038a18"
            },
            {
              "Key": "Hotkey",
              "Value": "r"
            }
          ],
          "RuleSet": null,
          "DefaultValue": "",
          "DataSource": null
        },
        {
          "FieldId": "RayaHolding.OnboardDocuments.ApprovalRequest.Name",
          "FieldName": "Name",
          "IsMultiValue": false,
          "Type": "Text",
          "DeriveFieldsFormat": "",
          "Components": [],
          "SetValues": [],
          "Metadata": [
            {
              "Key": "Color",
              "Value": "#fa6616"
            },
            {
              "Key": "Hotkey",
              "Value": "a"
            }
          ],
          "RuleSet": null,
          "DefaultValue": "",
          "DataSource": null
        },
        {
          "FieldId": "RayaHolding.OnboardDocuments.ApprovalRequest.Position",
          "FieldName": "Position",
          "IsMultiValue": false,
          "Type": "Text",
          "DeriveFieldsFormat": "",
          "Components": [],
          "SetValues": [],
          "Metadata": [
            {
              "Key": "Color",
              "Value": "#8a97a0"
            },
            {
              "Key": "Hotkey",
              "Value": "q"
            }
          ],
          "RuleSet": null,
          "DefaultValue": "",
          "DataSource": null
        },
        {
          "FieldId": "RayaHolding.OnboardDocuments.ApprovalRequest.Grade",
          "FieldName": "Grade",
          "IsMultiValue": false,
          "Type": "Text",
          "DeriveFieldsFormat": "",
          "Components": [],
          "SetValues": [],
          "Metadata": [
            {
              "Key": "Color",
              "Value": "#20389d"
            },
            {
              "Key": "Hotkey",
              "Value": "g"
            }
          ],
          "RuleSet": null,
          "DefaultValue": "",
          "DataSource": null
        },
        {
          "FieldId": "RayaHolding.OnboardDocuments.ApprovalRequest.DirectManager",
          "FieldName": "Direct Manager",
          "IsMultiValue": false,
          "Type": "Text",
          "DeriveFieldsFormat": "",
          "Components": [],
          "SetValues": [],
          "Metadata": [
            {
              "Key": "Color",
              "Value": "#b34692"
            },
            {
              "Key": "Hotkey",
              "Value": "e"
            }
          ],
          "RuleSet": null,
          "DefaultValue": "",
          "DataSource": null
        },
        {
          "FieldId": "RayaHolding.OnboardDocuments.ApprovalRequest.Department",
          "FieldName": "Department",
          "IsMultiValue": false,
          "Type": "Text",
          "DeriveFieldsFormat": "",
          "Components": [],
          "SetValues": [],
          "Metadata": [
            {
              "Key": "Color",
              "Value": "#d2d550"
            },
            {
              "Key": "Hotkey",
              "Value": "m"
            }
          ],
          "RuleSet": null,
          "DefaultValue": "",
          "DataSource": null
        },
        {
          "FieldId": "RayaHolding.OnboardDocuments.ApprovalRequest.HiringDate",
          "FieldName": "Hiring Date",
          "IsMultiValue": false,
          "Type": "Text",
          "DeriveFieldsFormat": "",
          "Components": [],
          "SetValues": [],
          "Metadata": [
            {
              "Key": "Color",
              "Value": "#ab75e5"
            },
            {
              "Key": "Hotkey",
              "Value": "h"
            }
          ],
          "RuleSet": null,
          "DefaultValue": "",
          "DataSource": null
        },
        {
          "FieldId": "RayaHolding.OnboardDocuments.ApprovalRequest.Type",
          "FieldName": "Type",
          "IsMultiValue": false,
          "Type": "Text",
          "DeriveFieldsFormat": "",
          "Components": [],
          "SetValues": [],
          "Metadata": [
            {
              "Key": "Color",
              "Value": "#6998c6"
            },
            {
              "Key": "Hotkey",
              "Value": "y"
            }
          ],
          "RuleSet": null,
          "DefaultValue": "",
          "DataSource": null
        },
        {
          "FieldId": "RayaHolding.OnboardDocuments.ApprovalRequest.Salary",
          "FieldName": "Salary",
          "IsMultiValue": false,
          "Type": "Number",
          "DeriveFieldsFormat": "",
          "Components": [],
          "SetValues": [],
          "Metadata": [
            {
              "Key": "Color",
              "Value": "#80bc87"
            },
            {
              "Key": "Hotkey",
              "Value": "l"
            }
          ],
          "RuleSet": null,
          "DefaultValue": "",
          "DataSource": null
        },
        {
          "FieldId": "RayaHolding.OnboardDocuments.ApprovalRequest.FixedPercent",
          "FieldName": "Fixed Percent",
          "IsMultiValue": false,
          "Type": "Number",
          "DeriveFieldsFormat": "",
          "Components": [],
          "SetValues": [],
          "Metadata": [
            {
              "Key": "Color",
              "Value": "#f0e042"
            },
            {
              "Key": "Hotkey",
              "Value": "x"
            }
          ],
          "RuleSet": null,
          "DefaultValue": "",
          "DataSource": null
        },
        {
          "FieldId": "RayaHolding.OnboardDocuments.ApprovalRequest.VariablePercent",
          "FieldName": "Variable Percent",
          "IsMultiValue": false,
          "Type": "Number",
          "DeriveFieldsFormat": "",
          "Components": [],
          "SetValues": [],
          "Metadata": [
            {
              "Key": "Color",
              "Value": "#77d155"
            },
            {
              "Key": "Hotkey",
              "Value": "v"
            }
          ],
          "RuleSet": null,
          "DefaultValue": "",
          "DataSource": null
        }
      ]
    },
    {
      "Connections": [],
      "DocumentTypeId": "RayaHolding.OnboardDocuments.Contract",
      "Group": "Raya Holding",
      "Category": "Onboard Documents",
      "Name": "Contract",
      "OptionalUniqueIdentifier": "",
      "TypeField": {
        "FieldId": "RayaHolding.OnboardDocuments.Contract.DocumentType",
        "FieldName": "Document Type"
      },
      "Fields": [
        {
          "FieldId": "RayaHolding.OnboardDocuments.Contract.ContractType",
          "FieldName": "Contract Type",
          "IsMultiValue": false,
          "Type": "Text",
          "DeriveFieldsFormat": "",
          "Components": [],
          "SetValues": [],
          "Metadata": [
            {
              "Key": "Color",
              "Value": "#038a18"
            },
            {
              "Key": "Hotkey",
              "Value": "c"
            }
          ],
          "RuleSet": null,
          "DefaultValue": "",
          "DataSource": null
        },
        {
          "FieldId": "RayaHolding.OnboardDocuments.Contract.StartDate",
          "FieldName": "Start Date",
          "IsMultiValue": false,
          "Type": "Text",
          "DeriveFieldsFormat": "",
          "Components": [],
          "SetValues": [],
          "Metadata": [
            {
              "Key": "Color",
              "Value": "#fa6616"
            },
            {
              "Key": "Hotkey",
              "Value": "a"
            }
          ],
          "RuleSet": null,
          "DefaultValue": "",
          "DataSource": null
        }
      ]
    }
  ],
  "Groups": [
    {
      "Name": "Raya Holding",
      "Categories": [
        "Onboard Documents"
      ]
    }
  ],
  "SupportedLanguages": [
    {
      "Name": "Undetermined Language",
      "Code": "und"
    },
    {
      "Name": "Bulgarian",
      "Code": "bul"
    },
    {
      "Name": "Cantonese",
      "Code": "yue"
    },
    {
      "Name": "Danish",
      "Code": "dan"
    },
    {
      "Name": "Dutch",
      "Code": "nld"
    },
    {
      "Name": "English",
      "Code": "eng"
    },
    {
      "Name": "French",
      "Code": "fra"
    },
    {
      "Name": "Georgian",
      "Code": "kat"
    },
    {
      "Name": "German",
      "Code": "deu"
    },
    {
      "Name": "Greek",
      "Code": "ell"
    },
    {
      "Name": "Hebrew",
      "Code": "heb"
    },
    {
      "Name": "Hindi",
      "Code": "hin"
    },
    {
      "Name": "Italian",
      "Code": "ita"
    },
    {
      "Name": "Japanese",
      "Code": "jpn"
    },
    {
      "Name": "Korean",
      "Code": "kor"
    },
    {
      "Name": "Macedonian",
      "Code": "mkd"
    },
    {
      "Name": "Mandarin",
      "Code": "zho"
    },
    {
      "Name": "Marathi",
      "Code": "mar"
    },
    {
      "Name": "Norwegian",
      "Code": "nor"
    },
    {
      "Name": "Polish",
      "Code": "pol"
    },
    {
      "Name": "Portuguese",
      "Code": "por"
    },
    {
      "Name": "Romanian",
      "Code": "ron"
    },
    {
      "Name": "Russian",
      "Code": "rus"
    },
    {
      "Name": "Serbian",
      "Code": "srp"
    },
    {
      "Name": "Spanish",
      "Code": "spa"
    },
    {
      "Name": "Swedish",
      "Code": "swe"
    },
    {
      "Name": "Telugu",
      "Code": "tel"
    },
    {
      "Name": "Turkish",
      "Code": "tur"
    }
  ]
}